Grower,State,District,Date,Zone
918945853338,West Bengal,BARASAT SADAR,3/19/2026,DEGANGA
919382407184,West Bengal,KAKDWIP,3/19/2026,SAGAR
919382407184,West Bengal,KAKDWIP,3/19/2026,SAGAR
918768949032,West Bengal,BARASAT SADAR,3/19/2026,DEGANGA
918240356056,West Bengal,KAKDWIP,3/19/2026,SAGAR
918240356056,West Bengal,KAKDWIP,3/19/2026,SAGAR
917602668823,West Bengal,KAKDWIP,3/20/2026,SAGAR
919609764546,West Bengal,KAKDWIP,3/20/2026,SAGAR
919883662042,West Bengal,KAKDWIP,3/20/2026,PATHORPROTIMA
916296726511,West Bengal,KAKDWIP,3/20/2026,SAGAR
917001629710,West Bengal,KAKDWIP,3/21/2026,SAGAR
917001629710,West Bengal,KAKDWIP,3/21/2026,SAGAR
917001629710,West Bengal,KAKDWIP,3/21/2026,SAGAR
917001629710,West Bengal,KAKDWIP,3/21/2026,SAGAR
918016881174,West Bengal,KAKDWIP,3/21/2026,SAGAR
919002845556,West Bengal,KAKDWIP,3/23/2026,SAGAR
917430893360,West Bengal,KAKDWIP,3/23/2026,SAGAR
917430893360,West Bengal,KAKDWIP,3/23/2026,SAGAR
919933965409,West Bengal,KAKDWIP,3/23/2026,SAGAR
919933965409,West Bengal,KAKDWIP,3/23/2026,SAGAR
918918257784,West Bengal,BARASAT SADAR,3/26/2026,DEGANGA
918348429581,West Bengal,BARASAT SADAR,3/26/2026,DEGANGA
919134041231,West Bengal,KAKDWIP,3/27/2026,SAGAR
918509366296,West Bengal,BARASAT SADAR,3/28/2026,DEGANGA
917811090470,West Bengal,BARASAT SADAR,3/29/2026,DEGANGA
919733380010,West Bengal,BARASAT SADAR,3/29/2026,DEGANGA
918001060547,West Bengal,BARASAT SADAR,3/30/2026,DEGANGA
918637891679,West Bengal,BARASAT SADAR,3/30/2026,DEGANGA
918016140355,West Bengal,BARASAT SADAR,3/30/2026,DEGANGA
919609981679,West Bengal,BARASAT SADAR,3/30/2026,DEGANGA
919635604204,West Bengal,KAKDWIP,3/30/2026,SAGAR
917479208176,West Bengal,KAKDWIP,3/30/2026,SAGAR
917029835500,West Bengal,BARASAT SADAR,04-01-2026,DEGANGA
917718475502,West Bengal,BARASAT SADAR,04-01-2026,DEGANGA
918167621445,West Bengal,KAKDWIP,04-02-2026,SAGAR
919074796138,West Bengal,KAKDWIP,04-02-2026,SAGAR
917872456079,West Bengal,KAKDWIP,04-03-2026,SAGAR
919564114368,West Bengal,KAKDWIP,04-03-2026,SAGAR
916297906547,West Bengal,BARASAT SADAR,04-04-2026,DEGANGA
916297906547,West Bengal,BARASAT SADAR,04-05-2026,DEGANGA
916297906547,West Bengal,BARASAT SADAR,04-05-2026,DEGANGA
919908333362,West Bengal,FARAKKA,04-06-2026,ANKURA
919732649925,West Bengal,BARASAT SADAR,04-06-2026,DEGANGA
919836660020,West Bengal,BARASAT SADAR,04-06-2026,DEGANGA
919547652921,West Bengal,BARASAT SADAR,04-08-2026,DEGANGA
919547652921,West Bengal,BARASAT SADAR,04-08-2026,DEGANGA
919733086344,West Bengal,BARASAT SADAR,04-09-2026,DEGANGA
919134041231,West Bengal,KAKDWIP,4/14/2026,SAGAR
919134041231,West Bengal,KAKDWIP,4/14/2026,SAGAR
917029835500,West Bengal,BARASAT SADAR,4/15/2026,DEGANGA
918967063790,West Bengal,BARASAT SADAR,4/20/2026,DEGANGA
919775508951,West Bengal,KAKDWIP,4/20/2026,PATHORPROTIMA
918509165885,West Bengal,BARASAT SADAR,4/20/2026,DEGANGA
918509165885,West Bengal,BARASAT SADAR,4/20/2026,DEGANGA
919775217591,West Bengal,BARASAT SADAR,4/20/2026,DEGANGA
919907416915,West Bengal,BARASAT SADAR,4/21/2026,DEGANGA
919635400683,West Bengal,KAKDWIP,4/21/2026,SAGAR
918372041808,West Bengal,KAKDWIP,4/21/2026,SAGAR
919635400683,West Bengal,KAKDWIP,4/21/2026,SAGAR
919163430193,West Bengal,BARASAT SADAR,4/22/2026,DEGANGA
919564431714,West Bengal,BARASAT SADAR,4/22/2026,DEGANGA
919339899031,West Bengal,BARASAT SADAR,4/22/2026,DEGANGA
916296154741,West Bengal,BARASAT SADAR,4/22/2026,DEGANGA
918327379256,West Bengal,BARASAT SADAR,4/22/2026,DEGANGA
919647369201,West Bengal,BARASAT SADAR,4/22/2026,DEGANGA
917586902549,West Bengal,BARASAT SADAR,4/22/2026,DEGANGA
919734813190,West Bengal,BARASAT SADAR,4/22/2026,DEGANGA
917602365139,West Bengal,BARASAT SADAR,4/22/2026,DEGANGA
918145293129,West Bengal,BARASAT SADAR,4/22/2026,DEGANGA
919046631146,West Bengal,BARASAT SADAR,4/22/2026,DEGANGA
917384320670,West Bengal,BARASAT SADAR,4/22/2026,DEGANGA
917980179951,West Bengal,BARASAT SADAR,4/22/2026,DEGANGA
919153567131,West Bengal,BARASAT SADAR,4/22/2026,DEGANGA
919547788570,West Bengal,BARASAT SADAR,4/22/2026,DEGANGA
918343945654,West Bengal,BARASAT SADAR,4/22/2026,DEGANGA
918972735680,West Bengal,BARASAT SADAR,4/22/2026,DEGANGA
917384118601,West Bengal,BARASAT SADAR,4/22/2026,DEGANGA
918695003813,West Bengal,BARASAT SADAR,4/22/2026,DEGANGA
918116102478,West Bengal,BARASAT SADAR,4/22/2026,DEGANGA
917548099618,West Bengal,BARASAT SADAR,4/22/2026,DEGANGA
917501086226,West Bengal,BARASAT SADAR,4/22/2026,DEGANGA
917872276394,West Bengal,BARASAT SADAR,4/22/2026,DEGANGA
918670448026,West Bengal,BARASAT SADAR,4/22/2026,DEGANGA
916294546483,West Bengal,BARASAT SADAR,4/22/2026,DEGANGA
919564988564,West Bengal,BARASAT SADAR,4/22/2026,DEGANGA
917047354110,West Bengal,BARASAT SADAR,4/22/2026,DEGANGA
919163430193,West Bengal,BARASAT SADAR,4/22/2026,DEGANGA
918670176095,West Bengal,BARASAT SADAR,4/22/2026,DEGANGA
917865996342,West Bengal,BARASAT SADAR,4/22/2026,DEGANGA
918972833804,West Bengal,BARASAT SADAR,4/22/2026,DEGANGA
917679066313,West Bengal,BARASAT SADAR,4/22/2026,DEGANGA
917001497647,West Bengal,BARASAT SADAR,4/22/2026,DEGANGA
918653734015,West Bengal,BARASAT SADAR,4/22/2026,DEGANGA
918145690127,West Bengal,BARASAT SADAR,4/22/2026,DEGANGA
919647445595,West Bengal,BARASAT SADAR,4/22/2026,DEGANGA
919875682764,West Bengal,BARASAT SADAR,4/22/2026,DEGANGA
918945853338,West Bengal,BARASAT SADAR,4/22/2026,DEGANGA
919641885668,West Bengal,BARASAT SADAR,4/22/2026,DEGANGA
919641885668,West Bengal,BARASAT SADAR,4/22/2026,DEGANGA
918768992922,West Bengal,BARASAT SADAR,4/22/2026,DEGANGA
918768992922,West Bengal,BARASAT SADAR,4/22/2026,DEGANGA
918016129183,West Bengal,BARASAT SADAR,4/22/2026,DEGANGA
919735957894,West Bengal,BARASAT SADAR,4/22/2026,DEGANGA
918967085013,West Bengal,BARASAT SADAR,4/22/2026,DEGANGA
918016129183,West Bengal,BARASAT SADAR,4/22/2026,DEGANGA
918016129183,West Bengal,BARASAT SADAR,4/22/2026,DEGANGA
918514883637,West Bengal,BARASAT SADAR,4/22/2026,DEGANGA
919775217591,West Bengal,BARASAT SADAR,4/22/2026,DEGANGA
917872943461,West Bengal,BARASAT SADAR,4/22/2026,DEGANGA
919735979298,West Bengal,BARASAT SADAR,4/22/2026,DEGANGA
919641513744,West Bengal,BARASAT SADAR,4/22/2026,DEGANGA
919775442343,West Bengal,BARASAT SADAR,4/22/2026,DEGANGA
919775442343,West Bengal,BARASAT SADAR,4/22/2026,DEGANGA
918637363206,West Bengal,BARASAT SADAR,4/23/2026,DEGANGA
918768992922,West Bengal,BARASAT SADAR,4/23/2026,DEGANGA
917586890854,West Bengal,BARASAT SADAR,4/23/2026,DEGANGA
918768992922,West Bengal,BARASAT SADAR,4/23/2026,DEGANGA
918768992922,West Bengal,BARASAT SADAR,4/23/2026,DEGANGA
919906347775,West Bengal,KAKDWIP,4/24/2026,PATHORPROTIMA
919733724023,West Bengal,BARASAT SADAR,4/25/2026,DEGANGA
919924040902,West Bengal,KHARAGPUR,4/28/2026,DEBRA
919609937662,West Bengal,BARASAT SADAR,4/30/2026,DEGANGA
919734985725,West Bengal,BARASAT SADAR,05-01-2026,DEGANGA
918016129183,West Bengal,BARASAT SADAR,05-06-2026,DEGANGA
918016129183,West Bengal,BARASAT SADAR,05-06-2026,DEGANGA
918016129183,West Bengal,BARASAT SADAR,05-06-2026,DEGANGA
918016129183,West Bengal,BARASAT SADAR,05-06-2026,DEGANGA
918016129183,West Bengal,BARASAT SADAR,05-07-2026,DEGANGA
918016129183,West Bengal,BARASAT SADAR,05-07-2026,DEGANGA
918016129183,West Bengal,BARASAT SADAR,05-07-2026,DEGANGA
918016129183,West Bengal,BARASAT SADAR,05-12-2026,DEGANGA
918848949916,West Bengal,KAKDWIP,5/19/2026,SAGAR
919635038410,West Bengal,KAKDWIP,5/19/2026,SAGAR
919046625947,West Bengal,KAKDWIP,5/20/2026,SAGAR
916295805101,West Bengal,KAKDWIP,5/20/2026,SAGAR
917679960164,West Bengal,BARASAT SADAR,5/20/2026,DEGANGA
919647412357,West Bengal,BARASAT SADAR,5/20/2026,DEGANGA
918348500523,West Bengal,BARASAT SADAR,5/21/2026,DEGANGA
919732873530,West Bengal,BARASAT SADAR,5/21/2026,DEGANGA
919476479095,West Bengal,KAKDWIP,5/21/2026,SAGAR
919144579195,West Bengal,BARASAT SADAR,5/21/2026,DEGANGA
919635253837,West Bengal,BARASAT SADAR,5/21/2026,DEGANGA
919932731901,West Bengal,BARASAT SADAR,5/21/2026,DEGANGA
919593113954,West Bengal,BARASAT SADAR,5/21/2026,DEGANGA
917601986947,West Bengal,BARASAT SADAR,5/21/2026,DEGANGA
918001075558,West Bengal,KAKDWIP,5/21/2026,PATHORPROTIMA
919775093506,West Bengal,KAKDWIP,5/21/2026,PATHORPROTIMA
919932196864,West Bengal,KAKDWIP,5/21/2026,PATHORPROTIMA
918145183427,West Bengal,KAKDWIP,5/21/2026,PATHORPROTIMA
919734749252,West Bengal,KAKDWIP,5/21/2026,PATHORPROTIMA
919734749252,West Bengal,KAKDWIP,5/21/2026,PATHORPROTIMA
917872604568,West Bengal,KAKDWIP,5/21/2026,PATHORPROTIMA
919609053484,West Bengal,KAKDWIP,5/21/2026,PATHORPROTIMA
918768029128,West Bengal,KAKDWIP,5/21/2026,PATHORPROTIMA
917427976506,West Bengal,KAKDWIP,5/21/2026,PATHORPROTIMA
